,id,prediction,label,correct_prediction
0,624519566362742784,1,1,True
1,624523145966301184,-1,1,False
2,624492503484346368,1,-1,False
3,624492401479012352,1,-1,False
4,624492426275749888,-1,-1,True
5,624524530929803264,1,1,True
6,624525871454527488,1,1,True
7,624516990351204356,-1,1,False
8,624493263341420544,-1,-1,True
9,624494586937917440,-1,-1,True
10,624526073229910016,-1,1,False
11,624522092403421184,1,1,True
12,624524788531392512,-1,1,False
13,624522393453596673,1,1,True
14,624527891926228993,1,1,True
15,624494187887624193,1,-1,False
16,624494285006598144,1,-1,False
17,624525321497391104,-1,1,False
18,624493252339609600,1,-1,False
19,624494735965712388,-1,-1,True
20,624492985707851776,-1,-1,True
21,624519927429337088,1,1,True
22,624524036270206976,1,1,True
23,624523258893733888,1,1,True
24,624492610497986560,-1,-1,True
25,624494385527287808,-1,-1,True
26,624494921303609344,-1,-1,True
27,624494635474382848,1,-1,False
28,624519398754271232,1,1,True
29,624517486956912640,1,1,True
30,624493782977880064,-1,-1,True
31,624523949737533440,1,1,True
32,624493453041364992,1,-1,False
33,624527668122402816,1,1,True
34,624493155648454656,-1,-1,True
35,624495020540727297,1,-1,False
36,624524159603703808,1,1,True
37,624527962700967938,1,1,True
38,624529889085882368,1,1,True
39,624494106748821504,-1,-1,True
40,624494897769267200,-1,-1,True
41,624494369454731264,-1,-1,True
42,624522193511186432,1,1,True
43,624521245300797440,1,1,True
44,624520241134088192,-1,1,False
45,624493686559109120,-1,-1,True
46,624494416175038465,1,-1,False
47,624525106920951808,1,1,True
48,624529533937577984,1,1,True
49,624492425294299136,-1,-1,True
50,624494346969174016,-1,-1,True
51,624526677889019905,1,1,True
52,624494714406969344,-1,-1,True
53,624494380527800320,-1,-1,True
54,624493047506731008,-1,-1,True
55,624495116170981376,-1,-1,True
56,624493637565444098,-1,-1,True
57,624520083159781377,1,1,True
58,624528701842194432,-1,1,False
59,624525442255581184,1,1,True
60,624522230639104000,-1,1,False
61,624518007427985408,1,1,True
62,624518804157042688,1,1,True
63,624492516994347008,-1,-1,True
64,624524824858136576,1,1,True
65,624518640340201472,-1,1,False
66,624494179003924480,-1,-1,True
67,624529805828993024,1,1,True
68,624494494277210112,-1,-1,True
69,624493717768908800,1,-1,False
70,624493936418156544,-1,-1,True
71,624493752606920704,-1,-1,True
72,624528647299432448,1,1,True
73,624492529413672960,1,-1,False
74,624492241655078912,-1,-1,True
75,624495088350003201,-1,-1,True
76,624523895467573248,1,1,True
77,624524790221668352,1,1,True
78,624493730591023104,-1,-1,True
79,624494240375025664,1,-1,False
80,624524447626608641,-1,1,False
81,624493467704528896,-1,-1,True
82,624495080695570432,1,-1,False
83,624494407572545536,1,-1,False
84,624493773800640512,1,-1,False
85,624530114202718208,1,1,True
86,624529119322071041,1,1,True
87,624520385812283393,1,1,True
88,624492180552351744,1,-1,False
89,624492506244366336,1,-1,False
90,624494637215051776,-1,-1,True
91,624494061521633280,-1,-1,True
92,624527287950643200,1,1,True
93,624493360980426753,1,-1,False
94,624492132846301184,1,-1,False
95,624527767707742208,1,1,True
96,624492865197109248,-1,-1,True
97,624520058962710530,1,1,True
98,624492163884273664,-1,-1,True
99,624493773326823424,-1,-1,True
100,624492691141840896,-1,-1,True
101,624494779179503616,1,-1,False
102,624530069323526148,-1,1,False
103,624527559124881408,-1,1,False
104,624493238192340992,-1,-1,True
105,624492166576902144,1,-1,False
106,624518415584067585,1,1,True
107,624530148671381504,1,1,True
108,624517417025323008,-1,1,False
109,624492348836311040,1,-1,False
110,624523709840257024,1,1,True
111,624492071039148032,-1,-1,True
112,624493854083969024,1,-1,False
113,624519489640493056,1,1,True
114,624527414069227524,1,1,True
115,624494207030300672,-1,-1,True
116,624518337553305600,1,1,True
117,624528198940930048,1,1,True
118,624494527257149440,-1,-1,True
119,624520930417614848,-1,1,False
120,624517334879858688,1,1,True
121,624521684859621376,-1,1,False
122,624519998216773632,1,1,True
123,624493003697094656,-1,-1,True
124,624492306524205056,-1,-1,True
125,624526192708726784,1,1,True
126,624526465762201600,1,1,True
127,624522157259911168,1,1,True
128,624517801894522880,1,1,True
129,624519482325626881,1,1,True
130,624493612554919936,1,-1,False
131,624530091284955136,1,1,True
132,624495107019026432,-1,-1,True
133,624492143776665600,-1,-1,True
134,624519618460135425,1,1,True
135,624494539206692864,-1,-1,True
136,624527343302873088,1,1,True
137,624517471568048128,-1,1,False
138,624517423358586880,1,1,True
139,624520430095847424,-1,1,False
140,624525287909240832,-1,1,False
141,624493232827662337,1,-1,False
142,624492925842538496,-1,-1,True
143,624494958964178944,-1,-1,True
144,624492140828213251,1,-1,False
145,624520361728544768,1,1,True
146,624522047389982720,-1,1,False
147,624528611819663360,1,1,True
148,624522243054403584,1,1,True
149,624519544908947456,1,1,True
150,624527480309858304,1,1,True
151,624494497389481984,-1,-1,True
152,624523355601915904,1,1,True
153,624494256984424448,1,-1,False
154,624518309887766528,1,1,True
155,624492891197452288,1,-1,False
156,624526525627367424,1,1,True
157,624494671008501761,-1,-1,True
158,624528532912381953,-1,1,False
159,624492236676313089,-1,-1,True
160,624526669727068160,1,1,True
161,624518021999034368,1,1,True
162,624525156124196864,1,1,True
163,624494141397864449,1,-1,False
164,624492994532503552,-1,-1,True
165,624494485544656896,-1,-1,True
166,624492105784635392,-1,-1,True
167,624492130300522497,1,-1,False
168,624493889991213056,1,-1,False
169,624493019534901248,-1,-1,True
170,624493553809362944,-1,-1,True
171,624494790067904512,1,-1,False
172,624521755781124096,-1,1,False
173,624492912487829504,1,-1,False
174,624520410105778176,1,1,True
175,624520482356862976,1,1,True
176,624494864256741376,-1,-1,True
177,624529039122829314,1,1,True
178,624517818118225920,1,1,True
179,624521483780382721,1,1,True
180,624494561398816768,-1,-1,True
181,624524832273768448,-1,1,False
182,624492991214792705,-1,-1,True
183,624519470887911424,-1,1,False
184,624494439294054400,1,-1,False
185,624495028090572800,-1,-1,True
186,624493729009770497,1,-1,False
187,624517928503808000,-1,1,False
188,624493130092544001,-1,-1,True
189,624517258748932096,-1,1,False
190,624525740638273536,1,1,True
191,624524206361829376,-1,1,False
192,624493252364779520,1,-1,False
193,624494240853303296,1,-1,False
194,624522270036234241,1,1,True
195,624494466242605056,-1,-1,True
196,624492514423123968,-1,-1,True
197,624517493625741312,1,1,True
198,624520956342484992,1,1,True
199,624494767418789888,1,-1,False
200,624494610534903809,-1,-1,True
201,624494312097579008,-1,-1,True
202,624493357180522496,-1,-1,True
203,624519330097688576,1,1,True
204,624518360542375936,1,1,True
205,624494055771123712,1,-1,False
206,624493496569692160,-1,-1,True
207,624493699645468672,-1,-1,True
208,624523410144653312,1,1,True
209,624529310804803584,1,1,True
210,624494623612891136,1,-1,False
211,624522688774688768,1,1,True
212,624518810914148352,1,1,True
213,624521470287458304,-1,1,False
214,624493337349890048,1,-1,False
215,624494232326139909,1,-1,False
216,624523033479389184,1,1,True
217,624518990216437760,1,1,True
218,624493430521999360,1,-1,False
219,624517378559229952,1,1,True
220,624523355866071040,1,1,True
221,624523425017655296,1,1,True
222,624526337605173248,1,1,True
223,624493479947816960,1,-1,False
224,624526991874637824,1,1,True
225,624494520256872448,-1,-1,True
226,624494086502744064,-1,-1,True
227,624528260819492865,1,1,True
228,624492803179941888,1,-1,False
229,624527317491154944,1,1,True
230,624518095730651136,-1,1,False
231,624494017330454528,-1,-1,True
232,624492322772897792,-1,-1,True
233,624493574537609216,1,-1,False
234,624524672973979649,1,1,True
235,624527636488851456,1,1,True
236,624520696530649088,-1,1,False
237,624528062093246465,1,1,True
238,624520233919721473,1,1,True
239,624518723156725760,1,1,True
240,624494470428512256,1,-1,False
241,624494963997327360,-1,-1,True
242,624492106032156672,1,-1,False
243,624494662565408768,-1,-1,True
244,624493393968627712,-1,-1,True
245,624528578382794752,-1,1,False
246,624527213195493376,1,1,True
247,624516868703805441,1,1,True
248,624524194613723136,1,1,True
249,624522912247058433,-1,1,False
250,624526097804345344,1,1,True
251,624492570773602305,-1,-1,True
252,624493343922352128,-1,-1,True
253,624493221725503488,-1,-1,True
254,624494471850242048,-1,-1,True
255,624493601662369792,-1,-1,True
256,624519273440935936,1,1,True
257,624494718269784064,-1,-1,True
258,624494655992934400,-1,-1,True
259,624495054372081664,-1,-1,True
260,624495079944794112,1,-1,False
261,624527373858312192,1,1,True
262,624493674840195072,1,-1,False
263,624492387788689409,1,-1,False
264,624526139420229632,1,1,True
265,624529513511260160,1,1,True
266,624517508448583680,1,1,True
267,624494515613790208,-1,-1,True
268,624523181940801536,1,1,True
269,624517714699268096,1,1,True
270,624493515016413184,1,-1,False
271,624526738622517248,1,1,True
272,624492284134993920,-1,-1,True
273,624492732006842369,1,-1,False
274,624526752706998272,-1,1,False
275,624519685682233344,1,1,True
276,624524254395138048,1,1,True
277,624526845342453760,1,1,True
278,624494175011012610,-1,-1,True
279,624527313200398336,-1,1,False
280,624494839720247296,-1,-1,True
281,624527344024223744,-1,1,False
282,624494864927887361,-1,-1,True
283,624493174636060672,1,-1,False
284,624494703958855680,1,-1,False
285,624494059286056960,-1,-1,True
286,624493562919546880,-1,-1,True
287,624519139386765312,1,1,True
288,624492949552828420,-1,-1,True
289,624492244582727680,1,-1,False
290,624528274333413376,1,1,True
291,624528604739710976,1,1,True
292,624519650592825344,1,1,True
293,624493497274474496,-1,-1,True
294,624494333123817472,1,-1,False
295,624527979683684352,1,1,True
296,624494308624834560,1,-1,False
297,624494623876976640,-1,-1,True
298,624492134918262784,1,-1,False
299,624522947852697600,-1,1,False
300,624492789317939200,1,-1,False
301,624493422913544192,1,-1,False
302,624523303139590145,-1,1,False
303,624493612768870400,-1,-1,True
304,624493729194332160,1,-1,False
305,624492622875394048,-1,-1,True
306,624493486914441216,-1,-1,True
307,624493145435279360,1,-1,False
308,624493390332358656,-1,-1,True
309,624493377375961092,1,-1,False
310,624528363793858560,-1,1,False
311,624492122968756224,-1,-1,True
312,624494463608573952,-1,-1,True
313,624494104815235073,-1,-1,True
314,624521877449539584,1,1,True
315,624524815488036865,-1,1,False
316,624494382369087488,-1,-1,True
317,624528024348827648,1,1,True
318,624493659543597056,1,-1,False
319,624525427638444032,1,1,True
320,624522743015280640,1,1,True
321,624493632473706496,-1,-1,True
322,624527135210778624,1,1,True
323,624492298290622464,1,-1,False
324,624493692435472384,-1,-1,True
325,624523341253062656,1,1,True
326,624528145924775936,1,1,True
327,624516857475633152,1,1,True
328,624528806393548800,1,1,True
329,624495072948568064,1,-1,False
330,624519172958089218,-1,1,False
331,624494278530756608,-1,-1,True
332,624494009566797824,1,-1,False
333,624519773808758784,1,1,True
334,624528461886017536,1,1,True
335,624493342928338944,1,-1,False
336,624495101092323328,1,-1,False
337,624493031761182721,1,-1,False
338,624494215569866753,-1,-1,True
339,624529030126116864,-1,1,False
340,624522976273174528,1,1,True
341,624525215561691136,1,1,True
342,624494259358429185,-1,-1,True
343,624522826696011777,1,1,True
344,624526034143043584,1,1,True
345,624520254576721920,-1,1,False
346,624528073862565888,1,1,True
347,624520324974006272,1,1,True
348,624493935830933504,-1,-1,True
349,624492504365309953,1,-1,False
350,624524115664355328,1,1,True
351,624522952332017664,1,1,True
352,624495106347958273,1,-1,False
353,624518789267218432,1,1,True
354,624525986621566976,-1,1,False
355,624492833752412160,1,-1,False
356,624492648250765312,-1,-1,True
357,624493517050630144,-1,-1,True
358,624493090196324352,1,-1,False
359,624523376975962112,1,1,True
360,624492670484881408,-1,-1,True
361,624492337813569536,1,-1,False
362,624494926504431616,1,-1,False
363,624493896920338432,-1,-1,True
364,624528643188850688,1,1,True
365,624528978938691584,1,1,True
366,624493082805989376,-1,-1,True
367,624523710490349568,1,1,True
368,624523031625363456,1,1,True
369,624529010706415616,1,1,True
370,624525160545128448,1,1,True
371,624495073804201984,-1,-1,True
372,624519274476998656,-1,1,False
373,624521436137451520,1,1,True
374,624494977356333056,-1,-1,True
375,624492710917869568,-1,-1,True
376,624528464356315136,1,1,True
377,624529497740607489,1,1,True
378,624526799267979264,1,1,True
379,624493082554138625,-1,-1,True
380,624493152041345024,-1,-1,True
381,624494868174258176,1,-1,False
382,624522599603662848,1,1,True
383,624527726616031232,1,1,True
384,624527314320232448,1,1,True
385,624494202894852096,-1,-1,True
386,624494422667825152,-1,-1,True
387,624492840857395200,-1,-1,True
388,624493091534315520,-1,-1,True
389,624525638448222209,1,1,True
390,624494143662854144,-1,-1,True
391,624517256391716864,1,1,True
392,624493354068258816,-1,-1,True
393,624494473268080640,-1,-1,True
394,624518210268868608,1,1,True
395,624526129181777920,1,1,True
396,624529716976816128,-1,1,False
397,624516952266936320,1,1,True
398,624494572446441473,-1,-1,True
399,624492551123415040,-1,-1,True
400,624493247356928000,1,-1,False
401,624521082612121600,1,1,True
402,624524917803909122,-1,1,False
403,624493509454774272,-1,-1,True
404,624494508085014528,-1,-1,True
405,624518708157878272,1,1,True
406,624493718029012992,1,-1,False
407,624494193356869632,1,-1,False
408,624518142170021888,1,1,True
409,624493733745197057,-1,-1,True
410,624526136224018432,1,1,True
411,624493957343526912,-1,-1,True
412,624530164626534400,1,1,True
413,624493661791895552,-1,-1,True
414,624493349383356416,1,-1,False
415,624517062434648064,-1,1,False
416,624516960471154688,1,1,True
417,624518662607761408,1,1,True
418,624529564606300160,1,1,True
419,624518820116344832,1,1,True
420,624528396559581184,-1,1,False
421,624492331564072960,1,-1,False
422,624494176592203776,-1,-1,True
423,624493612982636544,1,-1,False
424,624494876965482496,1,-1,False
425,624493028422602753,-1,-1,True
426,624525128521646080,1,1,True
427,624520521476997121,1,1,True
428,624517508498767872,1,1,True
429,624492488003158016,1,-1,False
430,624494324198211584,-1,-1,True
431,624517318253613056,1,1,True
432,624528490298126336,-1,1,False
433,624521660293451776,-1,1,False
434,624492951813681152,-1,-1,True
435,624493496704045056,1,-1,False
436,624526030951153664,1,1,True
437,624494457962913792,-1,-1,True
438,624492873241604096,-1,-1,True
439,624524542334078976,-1,1,False
440,624518374882570240,1,1,True
441,624494500707053568,1,-1,False
442,624519325643317248,1,1,True
443,624493334409687040,1,-1,False
444,624529538672824321,1,1,True
445,624492562506715136,1,-1,False
446,624529405340024836,1,1,True
447,624519441431269376,1,1,True
448,624524676513972224,1,1,True
449,624520110057857024,1,1,True
450,624523793189343232,1,1,True
451,624518512283906048,1,1,True
452,624521985976971264,1,1,True
453,624516950614482945,-1,1,False
454,624520099924324353,-1,1,False
455,624517232119447552,1,1,True
456,624494954245718016,-1,-1,True
457,624517438328037377,-1,1,False
458,624493893581541377,1,-1,False
459,624494750595465216,-1,-1,True
460,624524318479773696,1,1,True
461,624494762138169344,-1,-1,True
462,624494057780342784,-1,-1,True
463,624494935161610240,1,-1,False
464,624493875722342400,1,-1,False
465,624518897639657472,1,1,True
466,624523227294007296,1,1,True
467,624492412396670976,1,-1,False
468,624525823614287872,-1,1,False
469,624524523484921856,1,1,True
470,624519607961829376,1,1,True
471,624524565008400384,1,1,True
472,624528559025991680,1,1,True
473,624517773016739840,1,1,True
474,624521230494732288,1,1,True
475,624525396986322944,1,1,True
476,624493106667364352,-1,-1,True
477,624517740926271488,1,1,True
478,624520194472460289,1,1,True
479,624522618507513856,1,1,True
480,624493338863927297,1,-1,False
481,624492057843757056,1,-1,False
482,624522251677757440,1,1,True
483,624523332285652992,1,1,True
484,624493161058971648,-1,-1,True
485,624493795707650048,-1,-1,True
486,624522613151412224,1,1,True
487,624526432283156480,1,1,True
488,624494461012185088,-1,-1,True
489,624492962953723905,-1,-1,True
490,624520873098121216,1,1,True
491,624494291411337216,1,-1,False
492,624527712900771840,1,1,True
493,624519647010799617,1,1,True
494,624493807774535681,-1,-1,True
495,624493730926452737,-1,-1,True
496,624494360277721088,-1,-1,True
497,624492265214484480,-1,-1,True
498,624526053067890688,1,1,True
499,624520249778511872,1,1,True
500,624518847111020544,1,1,True
501,624524197113556992,1,1,True
502,624528146260430848,1,1,True
503,624494888160096256,-1,-1,True
504,624493647329759233,-1,-1,True
505,624524044902244352,1,1,True
506,624493992936345600,-1,-1,True
507,624527048707543041,-1,1,False
508,624516803646107648,-1,1,False
509,624494980376186880,-1,-1,True
510,624493151080726528,-1,-1,True
511,624494609910116352,1,-1,False
512,624527146573107200,-1,1,False
513,624524851949113346,1,1,True
514,624529997479452672,1,1,True
515,624528613321408513,1,1,True
516,624527697738252288,-1,1,False
517,624492961275838464,-1,-1,True
518,624493175432843264,-1,-1,True
519,624492597348859905,-1,-1,True
520,624493804880420864,1,-1,False
521,624494521750024192,1,-1,False
522,624493365111975936,-1,-1,True
523,624527181323051009,1,1,True
524,624529674849234944,1,1,True
525,624494071948533760,-1,-1,True
526,624517280358010880,1,1,True
527,624517013726040064,1,1,True
528,624493249391144960,-1,-1,True
529,624492232351944704,-1,-1,True
530,624494372340543488,1,-1,False
531,624520442636816384,-1,1,False
532,624494583578292224,-1,-1,True
533,624492251926949888,1,-1,False
534,624493214448222208,1,-1,False
535,624518992665817088,1,1,True
536,624493429075128320,-1,-1,True
537,624492605720629248,1,-1,False
538,624517747540557826,1,1,True
539,624518074272739333,1,1,True
540,624492790811111424,1,-1,False
541,624527544482701312,1,1,True
542,624522651063578624,1,1,True
543,624494540263559168,1,-1,False
544,624493477510914048,1,-1,False
545,624494439755587585,-1,-1,True
546,624493675645526016,-1,-1,True
547,624520504569761792,1,1,True
548,624493362226294784,-1,-1,True
549,624527189728301056,1,1,True
550,624523416024973316,1,1,True
551,624493112136577024,-1,-1,True
552,624528782905462784,1,1,True
553,624517167719944192,1,1,True
554,624522837131460608,1,1,True
555,624492550888517633,-1,-1,True
556,624494314954051585,-1,-1,True
557,624520166332760064,1,1,True
558,624518956108242944,1,1,True
559,624527017082392576,1,1,True
560,624522181116989440,-1,1,False
561,624518525852368896,1,1,True
562,624492740001333248,-1,-1,True
563,624492035630854144,1,-1,False
564,624494953255710720,1,-1,False
565,624527491286220800,1,1,True
566,624528410812022785,1,1,True
567,624492554696982528,1,-1,False
568,624494139044835329,1,-1,False
569,624492796901109760,1,-1,False
570,624528295657381889,1,1,True
571,624526632397619201,1,1,True
572,624492540503306240,1,-1,False
573,624518243751825409,1,1,True
574,624494690092621825,-1,-1,True
575,624529094525460480,-1,1,False
576,624494490192117760,1,-1,False
577,624494603845140480,-1,-1,True
578,624493859645448196,-1,-1,True
579,624494604843413504,-1,-1,True
580,624493901240475648,1,-1,False
581,624493184807272448,-1,-1,True
582,624494536081838080,1,-1,False
583,624519590685491200,1,1,True
584,624493929455579136,1,-1,False
585,624528856507006977,1,1,True
586,624493138355224576,1,-1,False
587,624493827034861568,-1,-1,True
588,624493165861576704,-1,-1,True
589,624493964377346048,-1,-1,True
590,624518381706678272,-1,1,False
591,624525213988884481,1,1,True
592,624522965812645888,1,1,True
593,624494253310349312,1,-1,False
594,624522181070860288,1,1,True
595,624525111496966144,1,1,True
596,624527549742198784,-1,1,False
597,624492905328152576,1,-1,False
598,624520082694078464,1,1,True
599,624494551345008640,-1,-1,True
600,624493654825152512,1,-1,False
601,624521533721935872,1,1,True
602,624492594563645444,1,-1,False
603,624528270969606145,-1,1,False
604,624494564678746113,1,-1,False
605,624493048873889792,1,-1,False
606,624526841257156608,-1,1,False
607,624492698049900545,-1,-1,True
608,624493178545115137,1,-1,False
609,624494970867593216,-1,-1,True
610,624525175401357312,1,1,True
611,624520935677169666,1,1,True
612,624518475126431744,1,1,True
613,624520273426034688,1,1,True
614,624523739674316800,1,1,True
615,624493539334967296,-1,-1,True
616,624493128817463296,-1,-1,True
617,624492609545736192,1,-1,False
618,624528577694842882,1,1,True
619,624527244900175872,-1,1,False
620,624520179398017025,-1,1,False
621,624518179167965184,1,1,True
622,624529794588364800,1,1,True
623,624522426752184321,1,1,True
624,624492441803034624,-1,-1,True
625,624492425180938240,1,-1,False
626,624524400172253184,1,1,True
627,624492575823499265,1,-1,False
628,624524954676015104,1,1,True
629,624492195157004288,-1,-1,True
630,624492717712670721,-1,-1,True
631,624528460526956544,1,1,True
632,624495042858721280,-1,-1,True
633,624493940448727040,-1,-1,True
634,624492607540867072,-1,-1,True
635,624525976731398144,1,1,True
636,624493849067438081,1,-1,False
637,624492865767501824,-1,-1,True
638,624530013077897219,1,1,True
639,624492890933342208,1,-1,False
640,624493553968918528,-1,-1,True
641,624526968105533441,1,1,True
642,624493570511081472,1,-1,False
643,624493835251355648,-1,-1,True
644,624493287785766912,1,-1,False
645,624492348710461440,1,-1,False
646,624494535142305792,1,-1,False
647,624492648829562880,-1,-1,True
648,624518307597541376,1,1,True
649,624520794085830657,1,1,True
650,624516784289390593,1,1,True
651,624519171079032832,1,1,True
652,624529552333602818,1,1,True
653,624526447659614208,1,1,True
654,624493783456026624,-1,-1,True
655,624494199782506496,-1,-1,True
656,624493189898997760,-1,-1,True
657,624492310370258945,1,-1,False
658,624493104024915968,1,-1,False
659,624493996379758592,1,-1,False
660,624520506457391104,1,1,True
661,624523213297557504,1,1,True
662,624524202343800833,-1,1,False
663,624493707727872001,-1,-1,True
664,624522089375105024,1,1,True
665,624518335141523456,1,1,True
666,624517175722639361,1,1,True
667,624529016586928128,1,1,True
668,624493267707654145,-1,-1,True
669,624522070819352577,1,1,True
670,624522949798727681,1,1,True
671,624529492837535745,1,1,True
672,624494114348892161,1,-1,False
673,624493729852710912,-1,-1,True
674,624494283689623552,-1,-1,True
675,624493662089547776,-1,-1,True
676,624523867634073601,1,1,True
677,624492351688413185,-1,-1,True
678,624519976800555008,-1,1,False
679,624524276780003328,1,1,True
680,624494043196747776,-1,-1,True
681,624494748783497217,-1,-1,True
682,624492054882709504,1,-1,False
683,624492579783053312,1,-1,False
684,624493979682369536,-1,-1,True
685,624493407063244800,1,-1,False
686,624524641478926336,1,1,True
687,624524874682241024,1,1,True
688,624517361186545664,1,1,True
689,624520589643022336,-1,1,False
690,624520323338141696,1,1,True
691,624522374306639872,1,1,True
692,624522753249558528,-1,1,False
693,624494315495129088,-1,-1,True
694,624525785047674880,1,1,True
695,624492744308756480,-1,-1,True
696,624494925439066112,1,-1,False
697,624493282324672512,1,-1,False
698,624492226341507072,-1,-1,True
699,624522554796077056,1,1,True
700,624518498543276033,-1,1,False
701,624494962189729792,1,-1,False
702,624526633697955840,1,1,True
703,624520975309090816,1,1,True
704,624493475157839872,-1,-1,True
705,624529374163800067,1,1,True
706,624494509351530496,-1,-1,True
707,624494202760491008,1,-1,False
708,624529024434499584,-1,1,False
709,624493151907151872,-1,-1,True
710,624526873947717632,1,1,True
711,624517570767495168,1,1,True
712,624519884181868544,1,1,True
713,624493302176288772,-1,-1,True
714,624492574368223232,-1,-1,True
715,624493172689895424,-1,-1,True
716,624492847056556032,1,-1,False
717,624519811796729857,-1,1,False
718,624493980688908289,1,-1,False
719,624494999292370944,1,-1,False
720,624528998228492288,1,1,True
721,624518949611290624,-1,1,False
722,624523106984419328,-1,1,False
723,624527146363432960,1,1,True
724,624492301084135424,-1,-1,True
725,624529913064787968,1,1,True
726,624523128006422528,-1,1,False
727,624526174778204160,1,1,True
728,624494616654405632,1,-1,False
729,624520169172410368,-1,1,False
730,624495017126551552,1,-1,False
731,624529534000369664,1,1,True
732,624492687899656192,-1,-1,True
733,624523737484779520,1,1,True
734,624492576851234816,-1,-1,True
735,624524338167812097,1,1,True
736,624492562104102912,-1,-1,True
737,624521023946227712,1,1,True
738,624516972156452864,1,1,True
739,624493467956150272,1,-1,False
740,624492304573665280,1,-1,False
741,624523025874968577,1,1,True
742,624493313094209536,1,-1,False
743,624521047073665024,1,1,True
744,624519083778809856,1,1,True
745,624527916639100928,1,1,True
746,624494023626096640,1,-1,False
747,624519851369959424,1,1,True
748,624494279679995904,1,-1,False
749,624525453718458369,-1,1,False
750,624495095384002560,-1,-1,True
751,624492957119434752,-1,-1,True
752,624521514960973824,1,1,True
753,624493727281623040,1,-1,False
754,624493805127872512,-1,-1,True
755,624494067838136320,-1,-1,True
756,624523553535328256,1,1,True
757,624520508072030209,1,1,True
758,624494885853200384,-1,-1,True
759,624492200580251648,-1,-1,True
760,624528098483159040,1,1,True
761,624523732904751104,1,1,True
762,624493903828287488,1,-1,False
763,624525085492117504,1,1,True
764,624493947293794304,-1,-1,True
765,624520979973279745,1,1,True
766,624493601683214337,-1,-1,True
767,624521735048564736,1,1,True
768,624493106466029568,-1,-1,True
769,624528047132311552,1,1,True
770,624494213326065668,1,-1,False
771,624493214901383168,-1,-1,True
772,624492605452222464,-1,-1,True
773,624522608361353216,1,1,True
774,624492101707788288,1,-1,False
775,624492904720015360,1,-1,False
776,624494406234730496,-1,-1,True
777,624492885229051904,1,-1,False
778,624493621669154816,-1,-1,True
779,624526117416882176,1,1,True
780,624517280777551872,1,1,True
781,624525367030714368,1,1,True
782,624492945689997312,1,-1,False
783,624525706274467840,-1,1,False
784,624494313641148416,1,-1,False
785,624523149971853312,1,1,True
786,624492573244157952,1,-1,False
787,624493113239678976,-1,-1,True
788,624523418386440192,-1,1,False
789,624493330156683264,-1,-1,True
790,624493567277465600,-1,-1,True
791,624517947323740160,1,1,True
792,624493740372037632,-1,-1,True
793,624525001211932673,1,1,True
794,624492836973514752,-1,-1,True
795,624493739973677057,-1,-1,True
796,624518612984926208,-1,1,False
797,624494970729136128,1,-1,False
798,624493096412282880,1,-1,False
799,624529308615319553,-1,1,False
800,624495091772719104,-1,-1,True
801,624493922660827136,-1,-1,True
802,624492177607954433,-1,-1,True
803,624517183415029760,-1,1,False
804,624494796292419584,-1,-1,True
805,624492573680398336,-1,-1,True
806,624493388377759744,-1,-1,True
807,624493591549857792,-1,-1,True
808,624492599194292224,-1,-1,True
809,624493435676786688,1,-1,False
810,624527418510852096,1,1,True
811,624492891830898688,1,-1,False
812,624493192277282817,-1,-1,True
813,624493369717231616,-1,-1,True
814,624523296625668096,1,1,True
815,624520072527282176,1,1,True
816,624492504306462720,-1,-1,True
817,624528736587636736,-1,1,False
818,624494226361856001,-1,-1,True
819,624493709900386305,-1,-1,True
820,624523877692145664,1,1,True
821,624521455498211329,1,1,True
822,624517417541091328,1,1,True
823,624494503332827136,1,-1,False
824,624494704470720512,-1,-1,True
825,624494806727847936,-1,-1,True
826,624492121924444160,-1,-1,True
827,624523816702619648,1,1,True
828,624492075107659776,-1,-1,True
829,624493382283325440,-1,-1,True
830,624521950157606912,1,1,True
831,624525868682059776,1,1,True
832,624494230937968641,-1,-1,True
833,624494915557261312,1,-1,False
834,624493342282354688,-1,-1,True
835,624525150508068864,1,1,True
836,624492335536017408,-1,-1,True
837,624526790409584640,1,1,True
838,624526201688690688,1,1,True
839,624493493335932928,-1,-1,True
840,624492085446635520,-1,-1,True
841,624524133859135488,-1,1,False
842,624492888970403841,1,-1,False
843,624522769171021824,1,1,True
844,624521245065777152,1,1,True
845,624493501821100032,1,-1,False
846,624492576037539840,-1,-1,True
847,624519756079591424,1,1,True
848,624494920972271616,1,-1,False
849,624494379055624193,-1,-1,True
850,624492492428300288,-1,-1,True
851,624518792039809025,1,1,True
852,624492537005223936,-1,-1,True
853,624526822491815936,1,1,True
854,624494249048829952,-1,-1,True
855,624494868803354624,-1,-1,True
856,624529144051666944,1,1,True
857,624523913045749760,1,1,True
858,624494442544652288,-1,-1,True
859,624523301205864448,1,1,True
860,624528396207394816,1,1,True
861,624527730923573248,-1,1,False
862,624524495903010816,1,1,True
863,624528485273374720,-1,1,False
864,624493258798964736,-1,-1,True
865,624524201446146048,1,1,True
866,624519967480754178,1,1,True
867,624492724499152896,1,-1,False
868,624527117066244096,-1,1,False
869,624493376474337280,-1,-1,True
870,624492257899446272,1,-1,False
871,624528453711347712,1,1,True
872,624519381897363456,1,1,True
873,624494611721928704,1,-1,False
874,624525179109134336,1,1,True
875,624529545413029888,1,1,True
876,624521155383271424,1,1,True
877,624527684274647040,1,1,True
878,624527631094943744,1,1,True
879,624518777967935488,1,1,True
880,624522534684241920,1,1,True
881,624493614630989824,-1,-1,True
882,624492807147778048,-1,-1,True
883,624518277922881537,1,1,True
884,624522807079145472,1,1,True
885,624494375641477120,-1,-1,True
886,624528965265326081,-1,1,False
887,624523278309195777,1,1,True
888,624518492805468160,1,1,True
889,624521138266341376,1,1,True
890,624493628812083200,-1,-1,True
891,624523345833402368,1,1,True
892,624521870927335424,1,1,True
893,624520705510670336,-1,1,False
894,624494723122597888,1,-1,False
895,624494742613659648,1,-1,False
896,624493809410383876,-1,-1,True
897,624492990237519872,1,-1,False
898,624518795101622272,1,1,True
899,624528901637865472,1,1,True
900,624517429813772289,1,1,True
901,624530088240017408,1,1,True
902,624518668542611456,1,1,True
903,624522516610985984,1,1,True
904,624519048189992960,1,1,True
905,624492801900851201,1,-1,False
906,624494455630893057,-1,-1,True
907,624493522801029120,1,-1,False
908,624492767377403904,1,-1,False
909,624493545001492480,1,-1,False
910,624518609461587968,1,1,True
911,624524650756767744,1,1,True
912,624494032052449280,-1,-1,True
913,624494888336293888,1,-1,False
914,624493081618989056,-1,-1,True
915,624493301266313216,-1,-1,True
916,624522059134173184,1,1,True
917,624494979226955776,-1,-1,True
918,624494267319234560,1,-1,False
919,624528525169684480,1,1,True
920,624493782059339776,-1,-1,True
921,624524501204647936,1,1,True
922,624524950288924672,1,1,True
923,624521637837320192,1,1,True
924,624493813046882304,-1,-1,True
925,624493262766796800,-1,-1,True
926,624494694639271936,-1,-1,True
927,624520577416605696,1,1,True
928,624493247008649216,1,-1,False
929,624518922813861888,1,1,True
930,624493633325125632,-1,-1,True
931,624521565141602304,1,1,True
932,624518330087403520,1,1,True
933,624492636020318208,1,-1,False
934,624494659805392897,-1,-1,True
935,624527936306065408,1,1,True
936,624494337225834496,-1,-1,True
937,624494583590711297,1,-1,False
938,624494304862416896,-1,-1,True
939,624492233417457664,1,-1,False
940,624523201083604993,1,1,True
941,624520841678704642,-1,1,False
942,624493562038648834,-1,-1,True
943,624493477435346944,-1,-1,True
944,624495066887786496,1,-1,False
945,624493681974734848,1,-1,False
946,624493600286580736,-1,-1,True
947,624517660210925568,1,1,True
948,624493174438785025,-1,-1,True
949,624520065694613504,1,1,True
950,624493642137219072,-1,-1,True
951,624493284874915840,1,-1,False
952,624493358770204672,-1,-1,True
953,624527605342072832,1,1,True
954,624522279846686720,-1,1,False
955,624529013587972096,1,1,True
956,624526916712796160,1,1,True
957,624519167392100353,1,1,True
958,624492093746999296,1,-1,False
959,624520363926552576,1,1,True
960,624521912279007232,1,1,True
961,624492703070429184,-1,-1,True
962,624494600909135872,1,-1,False
963,624522941330534400,-1,1,False
964,624494251108368384,-1,-1,True
965,624494362576027648,-1,-1,True
966,624518614180237312,1,1,True
967,624519732851380224,1,1,True
968,624493715072155648,-1,-1,True
969,624494891435868160,1,-1,False
970,624520503533834240,1,1,True
971,624518461423616000,1,1,True
972,624493621878743040,-1,-1,True
973,624492161183059968,1,-1,False
974,624492805482680321,-1,-1,True
975,624494785147965440,1,-1,False
976,624494713832382464,1,-1,False
977,624525027845738496,1,1,True
978,624494204518039552,-1,-1,True
979,624527589097406466,1,1,True
980,624493640660860928,-1,-1,True
981,624524933104816128,1,1,True
982,624494582282223616,-1,-1,True
983,624494316908445696,-1,-1,True
984,624494516121260032,-1,-1,True
985,624492996625596416,-1,-1,True
986,624494650926063616,1,-1,False
987,624492667989282816,1,-1,False
988,624527548160978945,-1,1,False
989,624523310613835776,1,1,True
990,624493642460213248,-1,-1,True
991,624493532808671232,-1,-1,True
992,624522202579206145,1,1,True
993,624526160173502464,1,1,True
994,624493973273448448,-1,-1,True
995,624493984858173440,1,-1,False
996,624521840933904384,1,1,True
997,624521779973730304,1,1,True
998,624493004846403584,1,-1,False
999,624492521813471232,-1,-1,True
1000,624493827835858945,1,-1,False
1001,624492694031757312,1,-1,False
1002,624494504683286528,-1,-1,True
1003,624527822099468288,1,1,True
1004,624495120662949888,-1,-1,True
1005,624494164231630848,1,-1,False
1006,624493464194039808,-1,-1,True
1007,624518133760417792,1,1,True
1008,624492199875620864,-1,-1,True
1009,624522181876260864,1,1,True
1010,624529025189281792,1,1,True
1011,624525473062719488,1,1,True
1012,624494750847078400,-1,-1,True
1013,624494679845789696,-1,-1,True
1014,624518547776143360,1,1,True
1015,624520681342939136,-1,1,False
1016,624517653277896704,-1,1,False
1017,624492392880697344,1,-1,False
1018,624492145454501888,1,-1,False
1019,624522589700931585,1,1,True
1020,624493189957877760,1,-1,False
1021,624493994005909504,1,-1,False
1022,624492909312671744,-1,-1,True
1023,624523065502773248,1,1,True
1024,624492881386967040,1,-1,False
1025,624494897970548736,-1,-1,True
1026,624522474563072000,1,1,True
1027,624522582709141504,1,1,True
1028,624521209053458432,-1,1,False
1029,624494727547723780,1,-1,False
1030,624520634052182016,-1,1,False
1031,624523380461428736,-1,1,False
1032,624528217148231682,-1,1,False
1033,624524783774904320,1,1,True
1034,624522119720779776,-1,1,False
1035,624493637401837568,-1,-1,True
1036,624518525458219008,1,1,True
1037,624494384013291520,-1,-1,True
1038,624492395338412032,1,-1,False
1039,624492126529699840,1,-1,False
1040,624494919260835840,-1,-1,True
1041,624492518122614784,-1,-1,True
1042,624523693151158272,1,1,True
1043,624520060644757504,1,1,True
1044,624529026829389824,-1,1,False
1045,624518645146783744,-1,1,False
1046,624523395934384129,1,1,True
1047,624528293887377408,1,1,True
1048,624493661535928320,-1,-1,True
1049,624493834605473792,1,-1,False
1050,624518348047564800,-1,1,False
1051,624529529407696896,1,1,True
1052,624521405959413760,1,1,True
1053,624493908551159808,-1,-1,True
1054,624518767599579136,1,1,True
1055,624523490733850629,-1,1,False
1056,624522477448724481,1,1,True
1057,624494588829532160,1,-1,False
1058,624524245209612288,1,1,True
1059,624492933060800512,-1,-1,True
1060,624527557925302272,-1,1,False
1061,624525582705930240,1,1,True
1062,624522378375204864,-1,1,False
1063,624521204788011008,-1,1,False
1064,624527150817910784,1,1,True
1065,624522410025447424,1,1,True
1066,624517584902324224,1,1,True
1067,624494901649129472,1,-1,False
1068,624525614444376064,-1,1,False
1069,624524943489896448,1,1,True
1070,624517447807315968,1,1,True
1071,624517774707044352,1,1,True
1072,624492968465035264,-1,-1,True
1073,624524553516003328,1,1,True
1074,624521336262627328,1,1,True
1075,624492706744639488,1,-1,False
1076,624494271807143937,-1,-1,True
1077,624494498450698240,-1,-1,True
1078,624492673290903552,1,-1,False
1079,624493845175140352,1,-1,False
1080,624494002902052865,1,-1,False
1081,624525929314803712,1,1,True
1082,624492537449959424,1,-1,False
1083,624524627293794305,1,1,True
1084,624524866797088768,1,1,True
1085,624492870997663744,-1,-1,True
1086,624529665533849600,1,1,True
1087,624493665495478272,-1,-1,True
1088,624528219631255552,1,1,True
1089,624494225606885376,-1,-1,True
1090,624493507386826752,-1,-1,True
1091,624529800800022528,1,1,True
1092,624525777950900225,1,1,True
1093,624528059056549889,1,1,True
1094,624518802554920960,1,1,True
1095,624526534683066368,-1,1,False
1096,624494554054586368,-1,-1,True
1097,624492746099654657,1,-1,False
1098,624494302442487808,-1,-1,True
1099,624494221739753472,-1,-1,True
1100,624523465983287296,1,1,True
1101,624494642264870912,-1,-1,True
1102,624492547625353216,1,-1,False
1103,624528502486798336,1,1,True
1104,624523240870838272,-1,1,False
1105,624492885447061504,-1,-1,True
1106,624522653072756736,1,1,True
1107,624525267403452417,1,1,True
1108,624494899119976448,1,-1,False
1109,624493340168425472,-1,-1,True
1110,624492696137129984,-1,-1,True
1111,624527599214174208,1,1,True
1112,624525259840958464,1,1,True
1113,624494770526810112,-1,-1,True
1114,624492344910352384,-1,-1,True
1115,624522751324364800,1,1,True
1116,624526471814471680,1,1,True
1117,624527374919401472,1,1,True
1118,624521531633176576,1,1,True
1119,624492137816715264,-1,-1,True
1120,624525566025310208,1,1,True
1121,624526191920304129,1,1,True
1122,624526941614313472,1,1,True
1123,624494374865403905,-1,-1,True
1124,624518567866662912,-1,1,False
1125,624494805880475648,-1,-1,True
1126,624492444910944256,-1,-1,True
1127,624521208025870337,1,1,True
1128,624492128219992065,-1,-1,True
1129,624492068723777536,1,-1,False
1130,624493651180195840,1,-1,False
1131,624526734918987776,1,1,True
1132,624492084502773760,-1,-1,True
1133,624522516866965504,1,1,True
1134,624493217879199744,-1,-1,True
1135,624494630294454272,-1,-1,True
1136,624492181659627521,1,-1,False
1137,624525102915268608,1,1,True
1138,624492049417543680,1,-1,False
1139,624524001549815808,-1,1,False
1140,624527433077649408,1,1,True
1141,624492478603726848,-1,-1,True
1142,624493178498871296,1,-1,False
1143,624492333224988672,-1,-1,True
1144,624519537401184256,1,1,True
1145,624492961133383680,-1,-1,True
1146,624529550802874368,1,1,True
1147,624493631785730048,1,-1,False
1148,624493727080402944,-1,-1,True
1149,624492952631537664,1,-1,False
1150,624523257430061056,1,1,True
1151,624521348665053184,-1,1,False
1152,624492782837633025,-1,-1,True
1153,624529249840443393,-1,1,False
1154,624517556221513729,1,1,True
1155,624517415364333568,1,1,True
1156,624517145406390272,-1,1,False
1157,624493299139784704,-1,-1,True
1158,624492732388511744,-1,-1,True
1159,624519302582923264,1,1,True
1160,624526772265054212,1,1,True
1161,624519405716811776,1,1,True
1162,624493016053514240,-1,-1,True
1163,624524817522229248,1,1,True
1164,624492668287090689,-1,-1,True
1165,624494584349900800,1,-1,False
1166,624523914845233152,1,1,True
1167,624492963851317248,-1,-1,True
1168,624494554478157824,1,-1,False
1169,624522884837416960,1,1,True
1170,624494819495256064,-1,-1,True
1171,624517422918184963,1,1,True
1172,624492921933312000,1,-1,False
1173,624493232613949440,-1,-1,True
1174,624492297464365056,1,-1,False
1175,624495003910275072,1,-1,False
1176,624492401537593344,-1,-1,True
1177,624493220597096448,-1,-1,True
1178,624526729504100352,1,1,True
1179,624520444880629760,1,1,True
1180,624520729044717568,-1,1,False
1181,624492535751278593,-1,-1,True
1182,624522563071275008,1,1,True
1183,624492440133603329,-1,-1,True
1184,624524963991654401,-1,1,False
1185,624517857414524929,-1,1,False
1186,624521731508670464,1,1,True
1187,624521508136706048,1,1,True
1188,624494886100799488,-1,-1,True
1189,624530118132633600,1,1,True
1190,624493072701722624,-1,-1,True
1191,624526537979772928,1,1,True
1192,624494541949632514,1,-1,False
1193,624519106599882752,-1,1,False
1194,624494212071854080,1,-1,False
1195,624494416196075520,-1,-1,True
1196,624521915076579328,1,1,True
1197,624519641444954112,1,1,True
1198,624493827580014592,-1,-1,True
1199,624524962934603776,1,1,True
1200,624493167082127360,-1,-1,True
1201,624528580236541952,-1,1,False
1202,624529807754293248,1,1,True
1203,624526122953211904,1,1,True
1204,624494216664645632,-1,-1,True
1205,624494789849812992,-1,-1,True
1206,624494190295130112,-1,-1,True
1207,624493934056706048,-1,-1,True
1208,624494181877035008,1,-1,False
1209,624492417039798272,1,-1,False
1210,624523524678512640,1,1,True
1211,624516827692052480,-1,1,False
1212,624494176739135488,-1,-1,True
1213,624516816723906560,-1,1,False
1214,624492610967707649,1,-1,False
1215,624530118992461824,1,1,True
1216,624526012232126464,1,1,True
1217,624529134522384384,1,1,True
1218,624492927151026176,1,-1,False
1219,624526230918860800,1,1,True
1220,624494010195968000,-1,-1,True
1221,624524496465195008,-1,1,False
1222,624492602176458753,1,-1,False
1223,624517697976578048,1,1,True
1224,624492207127572480,-1,-1,True
1225,624529364529483776,1,1,True
1226,624494999019765760,1,-1,False
1227,624529097994059776,1,1,True
1228,624527537289437184,1,1,True
1229,624495052316897280,-1,-1,True
1230,624492845412429824,1,-1,False
1231,624494456234905600,1,-1,False
1232,624492324970713089,-1,-1,True
1233,624494559297466368,1,-1,False
1234,624523753687531520,1,1,True
1235,624493906906890240,-1,-1,True
1236,624494989356191744,-1,-1,True
1237,624493162560663553,-1,-1,True
1238,624493881791373312,-1,-1,True
1239,624520279235149824,1,1,True
1240,624520796908621824,-1,1,False
1241,624494633570189312,-1,-1,True
1242,624522119808970752,1,1,True
1243,624529968144498688,1,1,True
1244,624525865699930114,-1,1,False
1245,624493996681920512,-1,-1,True
1246,624520897324408832,-1,1,False
1247,624495022168219648,-1,-1,True
1248,624494148121403392,-1,-1,True
1249,624518131860525057,1,1,True
1250,624494426170257408,-1,-1,True
1251,624522441604272128,-1,1,False
1252,624494750155055104,-1,-1,True
1253,624493319867928576,1,-1,False
1254,624493194345086976,-1,-1,True
1255,624493323680616448,-1,-1,True
1256,624494364576886784,1,-1,False
1257,624492519359938560,-1,-1,True
1258,624494719872020480,1,-1,False
1259,624493024643555328,-1,-1,True
1260,624523273842262016,1,1,True
1261,624493284405063680,-1,-1,True
1262,624494876659449856,-1,-1,True
1263,624527782043779072,1,1,True
1264,624522536299139073,1,1,True
1265,624492379836387328,-1,-1,True
1266,624494758107418624,1,-1,False
1267,624520478644809729,1,1,True
1268,624523052823527424,1,1,True
1269,624517555995209728,1,1,True
1270,624525372311273472,1,1,True
1271,624492756350697472,-1,-1,True
1272,624524141543227392,1,1,True
1273,624528847506030592,1,1,True
1274,624522941028507648,1,1,True
1275,624522678993465344,1,1,True
1276,624493802737246208,-1,-1,True
1277,624524273084841984,1,1,True
1278,624492707600289792,-1,-1,True
1279,624518065087078400,1,1,True
1280,624520756974612480,1,1,True
1281,624492764110131200,-1,-1,True
1282,624519811771469824,1,1,True
1283,624493978121932800,-1,-1,True
1284,624494358524502016,-1,-1,True
1285,624493649854898176,-1,-1,True
1286,624525704676425728,1,1,True
1287,624518479882776576,-1,1,False
1288,624492442901831680,1,-1,False
1289,624525502229909504,-1,1,False
1290,624495100115189760,-1,-1,True
1291,624522739164909568,1,1,True
1292,624519736852779008,-1,1,False
1293,624493455977218048,1,-1,False
1294,624529355004207104,1,1,True
1295,624492989797117953,-1,-1,True
1296,624494170434998272,-1,-1,True
1297,624524877047795712,1,1,True
1298,624523183790649344,1,1,True
1299,624493696491352064,-1,-1,True
1300,624493656142016512,1,-1,False
1301,624492502288982016,-1,-1,True
1302,624492580789723136,-1,-1,True
1303,624528919463632897,1,1,True
1304,624518210746867713,1,1,True
1305,624492937238441984,1,-1,False
1306,624494498656026624,1,-1,False
1307,624492343748489216,1,-1,False
1308,624529040410460160,1,1,True
1309,624494738268237825,-1,-1,True
1310,624493023116836864,1,-1,False
1311,624521387110211584,1,1,True
1312,624528447222718468,1,1,True
1313,624493190008061953,1,-1,False
1314,624492624007831556,-1,-1,True
1315,624493633442459652,1,-1,False
1316,624493097074954242,1,-1,False
1317,624524779823890432,1,1,True
1318,624494108996833280,1,-1,False
1319,624494948482707456,-1,-1,True
1320,624527680852074496,-1,1,False
1321,624492683726184448,1,-1,False
1322,624517745523060738,-1,1,False
1323,624521727607971840,1,1,True
1324,624492438120304640,1,-1,False
1325,624493948392837124,-1,-1,True
1326,624493868508033024,1,-1,False
1327,624494869893922818,-1,-1,True
1328,624493051700875264,1,-1,False
1329,624494238408028160,1,-1,False
1330,624493959650406400,-1,-1,True
1331,624529344128503809,1,1,True
1332,624494466494242816,1,-1,False
1333,624494947094298624,1,-1,False
1334,624493051180937216,-1,-1,True
1335,624493507777032192,1,-1,False
1336,624493319775748096,-1,-1,True
1337,624494201942622208,-1,-1,True
1338,624519121473028096,-1,1,False
1339,624493578014736384,-1,-1,True
1340,624494981915381760,-1,-1,True
1341,624524645232943106,-1,1,False
1342,624492484605947904,1,-1,False
1343,624529242164834304,-1,1,False
1344,624526014371069954,1,1,True
1345,624494715484815360,-1,-1,True
1346,624492594777620480,1,-1,False
1347,624494793549316096,-1,-1,True
1348,624493402206392320,1,-1,False
1349,624492295048548352,-1,-1,True
1350,624522150481780736,1,1,True
1351,624518319228473344,1,1,True
1352,624519622570713088,1,1,True
1353,624492717188382720,1,-1,False
1354,624494224705196033,-1,-1,True
1355,624494416590434304,1,-1,False
1356,624492527790518272,1,-1,False
1357,624518040886095872,1,1,True
1358,624493839311507456,1,-1,False
1359,624526069165654016,1,1,True
1360,624492364145385472,1,-1,False
1361,624492500636565504,1,-1,False
1362,624523922592112640,1,1,True
1363,624521078916915200,1,1,True
1364,624527391692447744,-1,1,False
1365,624524723762954240,1,1,True
1366,624519332932890624,1,1,True
1367,624492694094614528,1,-1,False
1368,624493408803946496,-1,-1,True
1369,624495088467443713,1,-1,False
1370,624523772436062208,1,1,True
1371,624522446159265792,1,1,True
1372,624492467614781440,1,-1,False
1373,624492525785612289,1,-1,False
1374,624520428766171136,-1,1,False
1375,624494595276165120,-1,-1,True
1376,624493640430305280,-1,-1,True
1377,624524198862458880,-1,1,False
1378,624525394956320769,1,1,True
1379,624519134605283328,1,1,True
1380,624519778732879873,1,1,True
1381,624493424268328964,1,-1,False
1382,624530048117264384,1,1,True
1383,624526318172909569,-1,1,False
1384,624524943712083968,1,1,True
1385,624525683969163265,1,1,True
1386,624494656198438913,1,-1,False
1387,624494119784550400,1,-1,False
1388,624493175185539072,-1,-1,True
1389,624492741175566337,1,-1,False
1390,624523455648690177,1,1,True
1391,624528344495751168,1,1,True
1392,624492618014179328,-1,-1,True
1393,624521029289906176,1,1,True
1394,624492644866125824,-1,-1,True
1395,624492673252995072,1,-1,False
1396,624522147243790336,1,1,True
1397,624493955896324096,1,-1,False
1398,624492595868073984,-1,-1,True
1399,624493158546731008,-1,-1,True
1400,624522793569357824,1,1,True
1401,624518559226445824,1,1,True
1402,624492117776203776,-1,-1,True
1403,624493424599781376,-1,-1,True
1404,624493235277180929,-1,-1,True
1405,624494897261735936,-1,-1,True
1406,624492831185444864,-1,-1,True
1407,624494315448991744,-1,-1,True
1408,624529677986631684,1,1,True
1409,624527180425465856,-1,1,False
1410,624528739322474496,-1,1,False
1411,624527321882603520,1,1,True
1412,624527267700457472,1,1,True
1413,624494570072453121,1,-1,False
1414,624492269471682560,-1,-1,True
1415,624494127841808384,-1,-1,True
1416,624522828780449792,1,1,True
1417,624525957190258688,-1,1,False
1418,624518800931688448,-1,1,False
1419,624521901910663168,1,1,True
1420,624492780442812416,1,-1,False
1421,624493510914281472,-1,-1,True
1422,624493444686348288,-1,-1,True
1423,624493952834650113,-1,-1,True
1424,624518555749347328,1,1,True
1425,624517203426189312,1,1,True
1426,624493910421671936,-1,-1,True
1427,624493963169406976,1,-1,False
1428,624494728654884864,1,-1,False
1429,624523967873744896,1,1,True
1430,624516930351685632,1,1,True
1431,624521035245821952,1,1,True
1432,624518516755038212,1,1,True
1433,624492049232961536,1,-1,False
1434,624520600766156800,1,1,True
1435,624526702119514112,1,1,True
1436,624492539622494208,1,-1,False
1437,624522044172951552,1,1,True
1438,624526974380318720,1,1,True
1439,624519303254134784,1,1,True
1440,624521967207518208,1,1,True
1441,624493595119251456,-1,-1,True
1442,624519686269448192,-1,1,False
1443,624495123343118337,-1,-1,True
1444,624526057669009409,1,1,True
1445,624526602525736961,-1,1,False
1446,624492770904780800,1,-1,False
1447,624492492004720640,-1,-1,True
1448,624523635290734592,1,1,True
1449,624528471432265728,1,1,True
1450,624492898667507714,-1,-1,True
1451,624493082801795072,-1,-1,True
1452,624529500986961920,-1,1,False
1453,624524636341030913,1,1,True
1454,624528922462580736,1,1,True
1455,624492337826275328,1,-1,False
1456,624493081702866945,-1,-1,True
1457,624493408455925760,-1,-1,True
1458,624525530470060032,1,1,True
1459,624528341442367488,1,1,True
1460,624494251749978112,1,-1,False
1461,624494965003923456,-1,-1,True
1462,624529636282793985,1,1,True
1463,624493515511304192,-1,-1,True
1464,624494326735736832,-1,-1,True
1465,624494270389420034,-1,-1,True
1466,624525196599365632,-1,1,False
1467,624492453635194880,-1,-1,True
1468,624494755943219200,-1,-1,True
1469,624519984014823424,1,1,True
1470,624494748145860608,-1,-1,True
1471,624493479813607424,-1,-1,True
1472,624492398555611136,-1,-1,True
1473,624520282280210432,1,1,True
1474,624529823466045441,1,1,True
1475,624520480712593409,-1,1,False
1476,624493403829481472,-1,-1,True
1477,624493876590575616,-1,-1,True
1478,624494699710185472,1,-1,False
1479,624529966689091584,1,1,True
1480,624524106566864896,1,1,True
1481,624528035392294912,1,1,True
1482,624519577670565888,1,1,True
1483,624523832045350912,1,1,True
1484,624493723754344448,-1,-1,True
1485,624494916287229952,-1,-1,True
1486,624526207397179392,-1,1,False
1487,624523775070105600,1,1,True
1488,624492187225489408,1,-1,False
1489,624529061788950528,1,1,True
1490,624492673546723328,-1,-1,True
1491,624517498717614080,1,1,True
1492,624494109139562496,-1,-1,True
1493,624493636307283968,-1,-1,True
1494,624520221945167872,-1,1,False
1495,624517530221019136,-1,1,False
1496,624519989492453378,1,1,True
1497,624494095516348418,1,-1,False
1498,624525751711199232,-1,1,False
1499,624521227017674752,1,1,True
1500,624492930607259648,-1,-1,True
1501,624527184472883204,1,1,True
1502,624492208423505920,-1,-1,True
1503,624523881907396609,1,1,True
1504,624517497169903616,1,1,True
1505,624493597325426688,-1,-1,True
1506,624519046059442176,-1,1,False
1507,624524499275243521,1,1,True
1508,624493876934344704,-1,-1,True
1509,624492680895201280,-1,-1,True
1510,624492477215559680,1,-1,False
1511,624492208578818048,1,-1,False
1512,624527826566402048,1,1,True
1513,624492828651970560,1,-1,False
1514,624493027034271745,-1,-1,True
1515,624521324053053440,1,1,True
1516,624493432141139968,1,-1,False
1517,624492793520467968,-1,-1,True
1518,624493432266997760,-1,-1,True
1519,624524284371845120,1,1,True
1520,624493868487180288,-1,-1,True
1521,624525676419411968,1,1,True
1522,624493893963390976,-1,-1,True
1523,624517753182023680,1,1,True
1524,624495067470929920,1,-1,False
1525,624493910153412608,1,-1,False
1526,624525161098792960,-1,1,False
1527,624523679939096577,1,1,True
1528,624495115298435072,-1,-1,True
1529,624517123507929088,1,1,True
1530,624492796246818820,-1,-1,True
1531,624525763535110144,1,1,True
1532,624492587047604224,1,-1,False
1533,624521231484653569,1,1,True
1534,624492269220036608,-1,-1,True
1535,624528480974168064,1,1,True
1536,624526747548131328,-1,1,False
1537,624494763291594752,-1,-1,True
1538,624493084487892992,-1,-1,True
1539,624494364748746752,1,-1,False
1540,624520398692966400,1,1,True
1541,624524010512986112,1,1,True
1542,624493238120902656,1,-1,False
1543,624494681108275200,1,-1,False
1544,624528264325922816,1,1,True
1545,624492540323082240,-1,-1,True
1546,624527296246865920,1,1,True
1547,624519011750047745,1,1,True
1548,624493842054705154,1,-1,False
1549,624494280069910528,1,-1,False
1550,624529296758034432,1,1,True
1551,624527087567810560,-1,1,False
1552,624494353168343042,-1,-1,True
1553,624493236778889216,1,-1,False
1554,624492062088409089,1,-1,False
1555,624516784226340864,1,1,True
1556,624493473303887872,-1,-1,True
1557,624526567813722112,1,1,True
1558,624528578282192896,1,1,True
1559,624529370833657856,1,1,True
1560,624525099429826560,1,1,True
1561,624527532231102464,1,1,True
1562,624520268069892096,-1,1,False
1563,624519338775547904,1,1,True
1564,624493496892702720,-1,-1,True
1565,624493164380954624,-1,-1,True
1566,624521076140171264,-1,1,False
1567,624524362708692992,-1,1,False
1568,624495025011863552,-1,-1,True
1569,624493829450698753,1,-1,False
1570,624495004808007680,-1,-1,True
1571,624528687292092416,1,1,True
1572,624529490274725889,1,1,True
1573,624529330392182784,1,1,True
1574,624523049082163200,1,1,True
1575,624493836325265409,1,-1,False
1576,624492792165834752,-1,-1,True
1577,624493260996788224,-1,-1,True
1578,624520774553108481,-1,1,False
1579,624526296958107648,-1,1,False
1580,624525584291344384,1,1,True
1581,624529045141598208,1,1,True
1582,624494778164584448,-1,-1,True
1583,624522319109734400,1,1,True
1584,624523085543251968,1,1,True
1585,624492534618656768,-1,-1,True
1586,624494451264614401,-1,-1,True
1587,624523716941205504,1,1,True
1588,624525831595950080,1,1,True
1589,624521029633740800,-1,1,False
1590,624516932939571200,1,1,True
1591,624520343378485248,1,1,True
1592,624494651446272000,-1,-1,True
1593,624526366248144896,1,1,True
1594,624529265501966336,1,1,True
1595,624519820709531648,1,1,True
1596,624493046801956864,-1,-1,True
1597,624493449199403008,-1,-1,True
1598,624522134614876160,1,1,True
1599,624492800323665920,1,-1,False
1600,624525359195619328,1,1,True
1601,624522794701709316,1,1,True
1602,624529750472704001,1,1,True
1603,624494118400577536,-1,-1,True
1604,624493619991441408,1,-1,False
1605,624493500759826432,1,-1,False
1606,624492957916352512,-1,-1,True
1607,624528274345955328,1,1,True
1608,624494156715565056,-1,-1,True
1609,624525917256331264,1,1,True
1610,624528063208951810,1,1,True
1611,624494975544356864,-1,-1,True
1612,624517429851328512,1,1,True
1613,624493266168184836,1,-1,False
1614,624519930440843264,1,1,True
1615,624519456237092864,1,1,True
1616,624517832324202496,1,1,True
1617,624525228627099648,1,1,True
1618,624518298005282816,1,1,True
1619,624524448335548416,1,1,True
1620,624518631079084032,1,1,True
1621,624525541824155648,1,1,True
1622,624528488230293504,1,1,True
1623,624493868961148929,1,-1,False
1624,624521402209533953,1,1,True
1625,624492550896795648,-1,-1,True
1626,624492065691295744,-1,-1,True
1627,624522127950114816,-1,1,False
1628,624521815025553408,-1,1,False
1629,624522427804954624,-1,1,False
1630,624520842270015488,1,1,True
1631,624494618256744448,1,-1,False
1632,624523613148844032,-1,1,False
1633,624495024848269314,-1,-1,True
1634,624517393830653952,1,1,True
1635,624494845374132224,-1,-1,True
1636,624518029842456576,1,1,True
1637,624528236534304768,1,1,True
1638,624520055175262208,1,1,True
1639,624492669746683904,-1,-1,True
1640,624522822325436416,1,1,True
1641,624523783387377664,-1,1,False
1642,624494252849012736,-1,-1,True
1643,624525463843532800,1,1,True
1644,624527348243820544,1,1,True
1645,624493829639565312,1,-1,False
1646,624517986385309696,1,1,True
1647,624494035743289344,-1,-1,True
1648,624494714792902656,-1,-1,True
1649,624492712780242945,1,-1,False
1650,624492655167320064,1,-1,False
1651,624493738765647872,-1,-1,True
1652,624529829740851201,-1,1,False
1653,624492343559716864,-1,-1,True
1654,624492903423995904,-1,-1,True
1655,624494879943598080,-1,-1,True
1656,624529750317404161,1,1,True
1657,624524422737563648,1,1,True
1658,624526836135931904,1,1,True
1659,624525499113586688,1,1,True
1660,624526705366048768,1,1,True
1661,624494792156794880,1,-1,False
1662,624492434517557248,-1,-1,True
1663,624516933010862080,1,1,True
1664,624494249887834112,-1,-1,True
1665,624494330502254596,-1,-1,True
1666,624493292093358080,-1,-1,True
1667,624527811055718400,1,1,True
1668,624493293603287040,-1,-1,True
1669,624492843101487105,1,-1,False
1670,624494098632867840,1,-1,False
1671,624494414140801024,-1,-1,True
1672,624527881134182400,1,1,True
1673,624527619392991232,1,1,True
1674,624492395330187268,-1,-1,True
1675,624522649293705216,-1,1,False
1676,624522226562408448,1,1,True
1677,624526023821000704,1,1,True
1678,624526547156901888,1,1,True
1679,624492828870221824,1,-1,False
1680,624516990607212545,1,1,True
1681,624526029483159552,1,1,True
1682,624493110286942209,1,-1,False
1683,624521367036137473,-1,1,False
1684,624523405400875008,1,1,True
1685,624529321319796737,-1,1,False
1686,624522368841613312,1,1,True
1687,624493961223254016,-1,-1,True
1688,624523016140115968,1,1,True
1689,624494184561422336,-1,-1,True
1690,624492742068932608,-1,-1,True
1691,624492601748516864,-1,-1,True
1692,624522822036156416,-1,1,False
1693,624494852642750464,-1,-1,True
1694,624494461675040768,-1,-1,True
1695,624521672721321984,-1,1,False
1696,624523894997651457,1,1,True
1697,624524363593707520,1,1,True
1698,624521229752401920,1,1,True
1699,624493518438830080,-1,-1,True
1700,624516796012462080,1,1,True
1701,624528837146189824,1,1,True
1702,624493590492790784,1,-1,False
1703,624520356947070977,1,1,True
1704,624494263540146177,-1,-1,True
1705,624494748133240832,1,-1,False
1706,624520733536993280,1,1,True
1707,624517052716322816,1,1,True
1708,624493469764075520,1,-1,False
1709,624492352577642496,-1,-1,True
1710,624494813002526720,-1,-1,True
1711,624493465267777536,-1,-1,True
1712,624518481396936704,-1,1,False
1713,624528332932161536,-1,1,False
1714,624530020485038080,1,1,True
1715,624528753322950656,1,1,True
1716,624492234944049153,-1,-1,True
1717,624493654003056640,1,-1,False
1718,624494629728165888,-1,-1,True
1719,624494915330949120,-1,-1,True
1720,624520181554003968,1,1,True
1721,624517360679055360,1,1,True
1722,624492806250303489,-1,-1,True
1723,624492308633882624,-1,-1,True
1724,624492548493602816,-1,-1,True
1725,624518803347521536,1,1,True
1726,624516936160948225,1,1,True
1727,624494654357155840,1,-1,False
1728,624520997446643712,1,1,True
1729,624494779854888960,-1,-1,True
1730,624494652700405760,-1,-1,True
1731,624522580850937860,1,1,True
1732,624493047582191617,1,-1,False
1733,624529907771576320,1,1,True
1734,624519571165196288,-1,1,False
1735,624494447502487552,-1,-1,True
1736,624519150661160960,1,1,True
1737,624523912584515585,1,1,True
1738,624527817393373184,1,1,True
1739,624494727157706752,1,-1,False
1740,624524861201891328,1,1,True
1741,624528804849975297,1,1,True
1742,624526075809263616,1,1,True
1743,624494003254333440,-1,-1,True
1744,624516990825185281,1,1,True
1745,624494149400563712,-1,-1,True
1746,624493136363003904,1,-1,False
1747,624494974017540096,1,-1,False
1748,624528938136674304,-1,1,False
1749,624493523711205376,1,-1,False
1750,624493495412133888,1,-1,False
1751,624521148622094336,1,1,True
1752,624492591510216704,1,-1,False
1753,624517378790060032,1,1,True
1754,624493597811953665,-1,-1,True
1755,624527117284442113,-1,1,False
1756,624529785524482048,1,1,True
1757,624517322196123648,-1,1,False
1758,624521130418704384,-1,1,False
1759,624519599292182533,-1,1,False
1760,624493522909970432,1,-1,False
1761,624492906586472448,-1,-1,True
1762,624492941659082753,1,-1,False
1763,624493725314625537,-1,-1,True
1764,624492910747197440,-1,-1,True
1765,624494988399919104,1,-1,False
1766,624527268631580672,1,1,True
1767,624493002686251008,-1,-1,True
1768,624525125925244929,1,1,True
1769,624493165987430400,1,-1,False
1770,624529561120862208,1,1,True
1771,624529374654668800,1,1,True
1772,624492375734292480,1,-1,False
1773,624493112241491968,-1,-1,True
1774,624494606902820864,-1,-1,True
1775,624525419321126912,1,1,True
1776,624522679882678272,1,1,True
1777,624529569391972352,1,1,True
1778,624492623584231425,-1,-1,True
1779,624525545837953024,1,1,True
1780,624493597883256832,-1,-1,True
1781,624517736975212544,1,1,True
1782,624493478093959168,-1,-1,True
1783,624527948335333376,1,1,True
1784,624524795468623872,1,1,True
1785,624492060880470016,1,-1,False
1786,624523375084486656,1,1,True
1787,624492435477958656,-1,-1,True
1788,624493425832927232,-1,-1,True
1789,624517595329228800,1,1,True
1790,624517670982053889,-1,1,False
1791,624492458324426752,1,-1,False
1792,624522463553007616,-1,1,False
1793,624522726770774017,1,1,True
1794,624528766304260098,1,1,True
1795,624526085758152704,1,1,True
1796,624494052990394368,-1,-1,True
1797,624493027202101249,-1,-1,True
1798,624529945843249152,1,1,True
1799,624495059380080640,-1,-1,True
1800,624528448816451584,1,1,True
1801,624495099834036224,1,-1,False
1802,624524060131618816,1,1,True
1803,624493113281781760,1,-1,False
1804,624493020155523072,-1,-1,True
1805,624519886384009216,1,1,True
1806,624494769075425280,-1,-1,True
1807,624528685593415681,1,1,True
1808,624528379673378816,1,1,True
1809,624528425789882368,1,1,True
1810,624492811673403392,-1,-1,True
1811,624493779303559168,1,-1,False
1812,624522767426260993,1,1,True
1813,624527084757602304,1,1,True
1814,624492989226680320,1,-1,False
1815,624528499328446464,1,1,True
1816,624519891899523072,1,1,True
1817,624523402573926400,1,1,True
1818,624527130672668672,1,1,True
1819,624528960190201856,1,1,True
1820,624492912760459264,-1,-1,True
1821,624525348336738304,1,1,True
1822,624525728596373504,1,1,True
1823,624492523793317888,1,-1,False
1824,624493766611570690,1,-1,False
1825,624492980502720512,-1,-1,True
1826,624493478219804672,-1,-1,True
1827,624522229569728512,1,1,True
1828,624492505556459520,-1,-1,True
1829,624524294861643777,1,1,True
1830,624524106038312960,-1,1,False
1831,624522453570596864,1,1,True
1832,624494441525477377,1,-1,False
1833,624518987695673344,-1,1,False
1834,624492845643235328,1,-1,False
1835,624493017727135744,1,-1,False
1836,624525043301785600,-1,1,False
1837,624492078060412928,-1,-1,True
1838,624494303130296321,-1,-1,True
1839,624493646000173056,-1,-1,True
1840,624519717911461888,1,1,True
1841,624494339004067844,-1,-1,True
1842,624520995177508864,1,1,True
1843,624494604130213888,1,-1,False
1844,624494107432501252,-1,-1,True
1845,624494408684015616,-1,-1,True
1846,624526498452484096,1,1,True
1847,624492789502492672,1,-1,False
1848,624526931858317312,1,1,True
1849,624521872307126272,1,1,True
1850,624493107850014720,1,-1,False
1851,624519823515488257,-1,1,False
1852,624492439970013184,-1,-1,True
1853,624518427307151360,-1,1,False
1854,624493252335529985,1,-1,False
1855,624523310651457536,1,1,True
1856,624518360433324032,1,1,True
1857,624492914488389633,-1,-1,True
1858,624523250358353920,1,1,True
1859,624528767101366276,-1,1,False
1860,624492038692671488,1,-1,False
1861,624493225781428224,-1,-1,True
1862,624494892195164160,-1,-1,True
1863,624493112212111360,1,-1,False
1864,624520369081335808,1,1,True
1865,624528067445325824,1,1,True
1866,624519691885678592,1,1,True
1867,624492182850904064,-1,-1,True
1868,624494604025397248,-1,-1,True
1869,624528518941159424,1,1,True
1870,624494027849760770,-1,-1,True
1871,624527589508407296,1,1,True
1872,624522904026247168,1,1,True
1873,624492995002376192,-1,-1,True
1874,624518937548468224,1,1,True
1875,624492301998424065,-1,-1,True
1876,624524369637675008,1,1,True
1877,624494260486696961,1,-1,False
1878,624494209588981760,-1,-1,True
1879,624519979409391616,1,1,True
1880,624492686494560256,-1,-1,True
1881,624530065095790592,-1,1,False
1882,624492565434363904,1,-1,False
1883,624517654779293696,1,1,True
1884,624519025347833856,1,1,True
1885,624519518019162112,-1,1,False
1886,624525899463966721,1,1,True
1887,624524394258247680,1,1,True
1888,624518083370176513,1,1,True
1889,624493009371951104,1,-1,False
1890,624494636170616832,-1,-1,True
1891,624523818984341504,-1,1,False
1892,624525536488878080,-1,1,False
1893,624519350293237760,1,1,True
1894,624494797416435712,-1,-1,True
1895,624516841881403392,1,1,True
1896,624492720527118336,-1,-1,True
1897,624492433812914176,-1,-1,True
1898,624495110546456577,-1,-1,True
1899,624518032870780928,1,1,True
1900,624528351961550848,-1,1,False
1901,624494516855308288,-1,-1,True
1902,624494203951710212,1,-1,False
1903,624495000382865408,-1,-1,True
1904,624523350128390144,1,1,True
1905,624522400256888832,1,1,True
1906,624493753424834560,1,-1,False
1907,624494479207067649,-1,-1,True
1908,624492605318012932,1,-1,False
1909,624528962425729024,1,1,True
1910,624492306796691456,-1,-1,True
1911,624529315175231488,1,1,True
1912,624518705225924608,1,1,True
1913,624522563608252416,1,1,True
1914,624524978189398016,1,1,True
1915,624525509389647873,1,1,True
1916,624493160715169792,1,-1,False
1917,624494275179384832,1,-1,False
1918,624494220078809088,-1,-1,True
1919,624492842535243776,-1,-1,True
1920,624494802122469376,1,-1,False
1921,624493638295388160,1,-1,False
1922,624493615709057024,-1,-1,True
1923,624494205465853952,1,-1,False
1924,624529336154992640,1,1,True
1925,624492475449741312,-1,-1,True
1926,624494515789783040,-1,-1,True
1927,624494322700808192,-1,-1,True
1928,624528901130338304,1,1,True
1929,624518341928058880,-1,1,False
1930,624527454082744321,1,1,True
1931,624527419471327232,1,1,True
1932,624528631163793408,1,1,True
1933,624529807540289536,1,1,True
1934,624493283918651392,-1,-1,True
1935,624495044859310080,1,-1,False
1936,624493783422337024,-1,-1,True
1937,624520474328961024,1,1,True
1938,624494188797804544,-1,-1,True
1939,624527901757714432,1,1,True
1940,624522196749287424,1,1,True
1941,624523157332996096,1,1,True
1942,624519932353642496,1,1,True
1943,624492535889526785,-1,-1,True
1944,624518960764030980,1,1,True
1945,624527788544950272,1,1,True
1946,624493198614859776,-1,-1,True
1947,624492255919869952,-1,-1,True
1948,624524664040128512,1,1,True
1949,624519910765428737,1,1,True
1950,624523097161359360,1,1,True
1951,624492109811351552,1,-1,False
1952,624494720463585280,1,-1,False
1953,624492794518892544,1,-1,False
1954,624493766028709888,-1,-1,True
1955,624493050497224704,-1,-1,True
1956,624492134461079552,1,-1,False
1957,624516829059264512,1,1,True
1958,624493022122635264,-1,-1,True
1959,624494465344901120,1,-1,False
1960,624518456038264832,1,1,True
1961,624495041696923649,-1,-1,True
1962,624522697343504384,1,1,True
1963,624529144450256896,1,1,True
1964,624529080067715073,1,1,True
1965,624493780209672192,-1,-1,True
1966,624495094968795136,-1,-1,True
1967,624520904999989248,1,1,True
1968,624492967424860160,1,-1,False
1969,624494695662510081,-1,-1,True
1970,624493179157348352,1,-1,False
1971,624493501007405056,-1,-1,True
1972,624494893524721665,1,-1,False
1973,624525810691645440,-1,1,False
1974,624528119664279552,1,1,True
1975,624529037168259073,1,1,True
1976,624492624003616768,1,-1,False
1977,624518693452550144,1,1,True
1978,624494074502905856,1,-1,False
1979,624522440169926656,1,1,True
1980,624522866244124672,1,1,True
1981,624492338157477888,-1,-1,True
1982,624527699483209729,-1,1,False
1983,624493633237057536,-1,-1,True
1984,624520747902480384,1,1,True
1985,624493269196607488,1,-1,False
1986,624492528096575488,-1,-1,True
1987,624527628804980736,-1,1,False
1988,624492391219789824,-1,-1,True
1989,624493396988575745,-1,-1,True
1990,624494178525798400,1,-1,False
1991,624493093153320960,1,-1,False
1992,624495070633455616,1,-1,False
1993,624524930957230080,1,1,True
1994,624516986140098560,1,1,True
1995,624521695211208705,1,1,True
1996,624524821636841473,1,1,True
1997,624522253544345600,-1,1,False
1998,624529436872974336,-1,1,False
1999,624524598328098816,1,1,True
